method,backbone,dataset,noise_name,ece_type,n_runs,ece_mean,ece_std,ece_mean_percent,ece_std_pp
Ours,clip_vit_b16,cifar10,human_worse_label,Raw,3,0.0171190328980485,0.0004994704700323127,1.7119032898048498,0.04994704700323127
Ours,clip_vit_b16,cifar10,human_worse_label,Calibrated,3,0.021757224800189268,0.00021180766157178585,2.1757224800189268,0.021180766157178586
Ours,clip_vit_b16,cifar10,instance_0.4,Raw,3,0.018163294867177833,0.006778747993061573,1.8163294867177833,0.6778747993061573
Ours,clip_vit_b16,cifar10,instance_0.4,Calibrated,3,0.015517499046027568,0.005731481652169019,1.5517499046027567,0.5731481652169019
Ours,clip_vit_b16,cifar10,pairflip_0.3,Raw,3,0.008814311342934667,0.0003621270261256653,0.8814311342934666,0.036212702612566525
Ours,clip_vit_b16,cifar10,pairflip_0.3,Calibrated,3,0.020810265153149734,0.0006021930514077861,2.0810265153149734,0.06021930514077861
Ours,clip_vit_b16,cifar10,symmetric_0.6,Raw,3,0.0413907799164454,0.0013333723523040876,4.13907799164454,0.13333723523040875
Ours,clip_vit_b16,cifar10,symmetric_0.6,Calibrated,3,0.013155655845502998,0.0015794016192991912,1.3155655845502998,0.1579401619299191
Ours,clip_vit_b16,cifar100,human_noisy_label,Raw,3,0.04781132576329009,0.0010391702278286384,4.781132576329009,0.10391702278286384
Ours,clip_vit_b16,cifar100,human_noisy_label,Calibrated,3,0.14896909706766406,0.006184516276038078,14.896909706766406,0.6184516276038078
Ours,clip_vit_b16,cifar100,instance_0.4,Raw,3,0.09489945136221743,0.0006268626399948241,9.489945136221744,0.0626862639994824
Ours,clip_vit_b16,cifar100,instance_0.4,Calibrated,3,0.08043281519884857,0.01011687251873942,8.043281519884857,1.011687251873942
Ours,clip_vit_b16,cifar100,pairflip_0.3,Raw,3,0.035012865194305735,0.003197563514161923,3.5012865194305736,0.3197563514161923
Ours,clip_vit_b16,cifar100,pairflip_0.3,Calibrated,3,0.08840779755314186,0.0016069433317628294,8.840779755314186,0.16069433317628296
Ours,clip_vit_b16,cifar100,symmetric_0.6,Raw,3,0.10744792161782574,0.0014700602090157926,10.744792161782573,0.14700602090157924
Ours,clip_vit_b16,cifar100,symmetric_0.6,Calibrated,3,0.0793735953333477,0.002063185865318275,7.93735953333477,0.2063185865318275
Ours,clip_vit_l14,cifar10,human_worse_label,Raw,3,0.022446139898896166,0.0005517485144020664,2.2446139898896167,0.055174851440206646
Ours,clip_vit_l14,cifar10,human_worse_label,Calibrated,3,0.021359468327959333,0.0005690562904834154,2.1359468327959332,0.05690562904834154
Ours,clip_vit_l14,cifar10,instance_0.4,Raw,3,0.0209858927235007,0.0013610058269479125,2.09858927235007,0.13610058269479125
Ours,clip_vit_l14,cifar10,instance_0.4,Calibrated,3,0.017562476371228666,0.0003745296498209467,1.7562476371228666,0.03745296498209467
Ours,clip_vit_l14,cifar10,pairflip_0.3,Raw,3,0.013482389438152298,0.0002221467073863001,1.3482389438152298,0.02221467073863001
Ours,clip_vit_l14,cifar10,pairflip_0.3,Calibrated,3,0.02091765026400483,0.0008080956092573981,2.0917650264004832,0.0808095609257398
Ours,clip_vit_l14,cifar10,symmetric_0.6,Raw,3,0.04513355118334287,0.0010470769174509668,4.513355118334287,0.10470769174509668
Ours,clip_vit_l14,cifar10,symmetric_0.6,Calibrated,3,0.012956947479645367,0.00026184289634230927,1.2956947479645367,0.026184289634230928
Ours,clip_vit_l14,cifar100,human_noisy_label,Raw,3,0.022782297024006637,0.0012573336989297542,2.2782297024006635,0.12573336989297543
Ours,clip_vit_l14,cifar100,human_noisy_label,Calibrated,3,0.05063244115759924,0.0016865370995408151,5.0632441157599235,0.16865370995408152
Ours,clip_vit_l14,cifar100,instance_0.4,Raw,3,0.052918653721859,0.0016910294706747359,5.2918653721858995,0.16910294706747359
Ours,clip_vit_l14,cifar100,instance_0.4,Calibrated,3,0.0166708622798323,0.002833058459465819,1.6670862279832301,0.2833058459465819
Ours,clip_vit_l14,cifar100,pairflip_0.3,Raw,3,0.0171402957518895,0.0009777023505454655,1.7140295751889498,0.09777023505454654
Ours,clip_vit_l14,cifar100,pairflip_0.3,Calibrated,3,0.018752837870518332,0.0011384650385284588,1.8752837870518333,0.11384650385284588
Ours,clip_vit_l14,cifar100,symmetric_0.6,Raw,3,0.05533883207254103,0.001989550675011797,5.533883207254103,0.1989550675011797
Ours,clip_vit_l14,cifar100,symmetric_0.6,Calibrated,3,0.015976288150871733,0.0008511893074964196,1.5976288150871734,0.08511893074964197
Ours,dinov2_vit_b14,cifar10,human_worse_label,Raw,3,0.0586231947605808,0.00032132913006224274,5.86231947605808,0.03213291300622428
Ours,dinov2_vit_b14,cifar10,human_worse_label,Calibrated,3,0.0371984834487239,0.00033264027982542627,3.7198483448723905,0.033264027982542625
Ours,dinov2_vit_b14,cifar10,instance_0.4,Raw,3,0.05735585869302346,0.00014473968812780738,5.735585869302346,0.014473968812780737
Ours,dinov2_vit_b14,cifar10,instance_0.4,Calibrated,3,0.027244856148461467,0.0007512888187368139,2.7244856148461465,0.0751288818736814
Ours,dinov2_vit_b14,cifar10,pairflip_0.3,Raw,3,0.04353239412059381,0.0005495315056259974,4.353239412059381,0.05495315056259974
Ours,dinov2_vit_b14,cifar10,pairflip_0.3,Calibrated,3,0.025382599557439368,0.0001939058408825968,2.538259955743937,0.01939058408825968
Ours,dinov2_vit_b14,cifar10,symmetric_0.6,Raw,3,0.0950838111430406,0.00034934364826815336,9.50838111430406,0.034934364826815334
Ours,dinov2_vit_b14,cifar10,symmetric_0.6,Calibrated,3,0.034772071857253666,0.0003247311004426246,3.4772071857253666,0.032473110044262454
Ours,dinov2_vit_b14,cifar100,human_noisy_label,Raw,3,0.0679013228283574,0.0003467290773333691,6.7901322828357396,0.03467290773333691
Ours,dinov2_vit_b14,cifar100,human_noisy_label,Calibrated,3,0.03880353294362617,0.00018391293119311692,3.8803532943626173,0.018391293119311692
Ours,dinov2_vit_b14,cifar100,instance_0.4,Raw,3,0.1028789331224436,0.0020282862865265015,10.28789331224436,0.20282862865265017
Ours,dinov2_vit_b14,cifar100,instance_0.4,Calibrated,3,0.0219940253604203,0.0022875608714736247,2.19940253604203,0.22875608714736248
Ours,dinov2_vit_b14,cifar100,pairflip_0.3,Raw,3,0.07500056837933754,0.0006341416888469432,7.500056837933753,0.06341416888469432
Ours,dinov2_vit_b14,cifar100,pairflip_0.3,Calibrated,3,0.028556069263939998,0.0009925588766420631,2.8556069263939996,0.09925588766420632
Ours,dinov2_vit_b14,cifar100,symmetric_0.6,Raw,3,0.16614267087187617,0.0015050783838981524,16.614267087187617,0.15050783838981524
Ours,dinov2_vit_b14,cifar100,symmetric_0.6,Calibrated,3,0.020856375949208934,0.0017512684838533925,2.085637594920893,0.17512684838533926
Ours,vit_b16_imagenet,cifar10,human_worse_label,Raw,3,0.07506176288475587,0.00010875486356201791,7.506176288475587,0.01087548635620179
Ours,vit_b16_imagenet,cifar10,human_worse_label,Calibrated,3,0.03190243046184377,0.00019142844432492806,3.190243046184377,0.019142844432492805
Ours,vit_b16_imagenet,cifar10,instance_0.4,Raw,3,0.0805978202760219,0.0009435403561355728,8.05978202760219,0.09435403561355728
Ours,vit_b16_imagenet,cifar10,instance_0.4,Calibrated,3,0.0275158090849717,0.0008530536717070503,2.7515809084971696,0.08530536717070503
Ours,vit_b16_imagenet,cifar10,pairflip_0.3,Raw,3,0.0644403445924321,0.0006374142815047016,6.44403445924321,0.06374142815047015
Ours,vit_b16_imagenet,cifar10,pairflip_0.3,Calibrated,3,0.02850058677395177,0.0006842411340103742,2.850058677395177,0.06842411340103742
Ours,vit_b16_imagenet,cifar10,symmetric_0.6,Raw,3,0.12247298538982866,0.0008693258912669651,12.247298538982866,0.0869325891266965
Ours,vit_b16_imagenet,cifar10,symmetric_0.6,Calibrated,3,0.03243635238011673,0.0004438182375030971,3.2436352380116733,0.04438182375030971
Ours,vit_b16_imagenet,cifar100,human_noisy_label,Raw,3,0.07646868248308693,0.0004246670575512334,7.646868248308693,0.04246670575512334
Ours,vit_b16_imagenet,cifar100,human_noisy_label,Calibrated,3,0.07954075872500734,0.0023010804598057456,7.9540758725007334,0.23010804598057455
Ours,vit_b16_imagenet,cifar100,instance_0.4,Raw,3,0.14626270920187234,0.0005161296794069526,14.626270920187235,0.05161296794069526
Ours,vit_b16_imagenet,cifar100,instance_0.4,Calibrated,3,0.028454638667652934,0.007948516587195713,2.8454638667652934,0.7948516587195713
Ours,vit_b16_imagenet,cifar100,pairflip_0.3,Raw,3,0.10474654938702777,0.0008042677229591387,10.474654938702777,0.08042677229591387
Ours,vit_b16_imagenet,cifar100,pairflip_0.3,Calibrated,3,0.03709710155303273,0.0067505709384828695,3.709710155303273,0.6750570938482869
Ours,vit_b16_imagenet,cifar100,symmetric_0.6,Raw,3,0.21957271983101964,0.0049724563095046,21.957271983101965,0.49724563095046
Ours,vit_b16_imagenet,cifar100,symmetric_0.6,Calibrated,3,0.03562794098307687,0.006870061405852843,3.5627940983076867,0.6870061405852843
Ours,vit_l16_imagenet,cifar10,human_worse_label,Raw,3,0.07856413191805277,0.0004081815775612574,7.856413191805276,0.04081815775612574
Ours,vit_l16_imagenet,cifar10,human_worse_label,Calibrated,3,0.027086930359899935,0.00035054685880035345,2.7086930359899934,0.035054685880035345
Ours,vit_l16_imagenet,cifar10,instance_0.4,Raw,3,0.07695551001230873,0.0006427246075403508,7.695551001230873,0.06427246075403509
Ours,vit_l16_imagenet,cifar10,instance_0.4,Calibrated,3,0.0212112782433629,0.0004214984089119065,2.12112782433629,0.04214984089119065
Ours,vit_l16_imagenet,cifar10,pairflip_0.3,Raw,3,0.05700318972220017,0.0010118001636603166,5.700318972220017,0.10118001636603166
Ours,vit_l16_imagenet,cifar10,pairflip_0.3,Calibrated,3,0.019595720715324033,0.000657146670007361,1.9595720715324032,0.0657146670007361
Ours,vit_l16_imagenet,cifar10,symmetric_0.6,Raw,3,0.1228336153532068,0.0002898792064028047,12.28336153532068,0.02898792064028047
Ours,vit_l16_imagenet,cifar10,symmetric_0.6,Calibrated,3,0.0243330256412426,0.0006288387488116807,2.43330256412426,0.06288387488116806
Ours,vit_l16_imagenet,cifar100,human_noisy_label,Raw,3,0.08747423175312576,0.0013178465344254125,8.747423175312576,0.13178465344254126
Ours,vit_l16_imagenet,cifar100,human_noisy_label,Calibrated,3,0.0285033728100359,0.0018095313144520586,2.85033728100359,0.18095313144520586
Ours,vit_l16_imagenet,cifar100,instance_0.4,Raw,3,0.14382969483633834,0.001667219022736727,14.382969483633834,0.1667219022736727
Ours,vit_l16_imagenet,cifar100,instance_0.4,Calibrated,3,0.012242984805256067,0.0014725807953046598,1.2242984805256067,0.147258079530466
Ours,vit_l16_imagenet,cifar100,pairflip_0.3,Raw,3,0.0995737371187657,0.002230208334854032,9.95737371187657,0.22302083348540322
Ours,vit_l16_imagenet,cifar100,pairflip_0.3,Calibrated,3,0.006852115241686466,0.001428675401688417,0.6852115241686466,0.1428675401688417
Ours,vit_l16_imagenet,cifar100,symmetric_0.6,Raw,3,0.23319309597089885,0.005153056074345548,23.319309597089884,0.5153056074345549
Ours,vit_l16_imagenet,cifar100,symmetric_0.6,Calibrated,3,0.010163118619968433,0.0023374011582239632,1.0163118619968432,0.23374011582239632
