method,backbone,dataset,noise_name,seed,ece_type,ece,source_file
Ours,clip_vit_b16,cifar10,human_worse_label,1,Raw,0.0167337627902627,stage2/clip_vit_b16/cifar10/runs.csv
Ours,clip_vit_b16,cifar10,human_worse_label,2,Raw,0.0176833478659391,stage2/clip_vit_b16/cifar10/runs.csv
Ours,clip_vit_b16,cifar10,human_worse_label,3,Raw,0.0169399880379437,stage2/clip_vit_b16/cifar10/runs.csv
Ours,clip_vit_b16,cifar10,human_worse_label,1,Calibrated,0.0219790128231048,stage2/clip_vit_b16/cifar10/runs.csv
Ours,clip_vit_b16,cifar10,human_worse_label,2,Calibrated,0.0217356058701872,stage2/clip_vit_b16/cifar10/runs.csv
Ours,clip_vit_b16,cifar10,human_worse_label,3,Calibrated,0.0215570557072758,stage2/clip_vit_b16/cifar10/runs.csv
Ours,clip_vit_b16,cifar10,instance_0.4,1,Raw,0.0141663486078382,stage2/clip_vit_b16/cifar10/runs.csv
Ours,clip_vit_b16,cifar10,instance_0.4,2,Raw,0.0259901245236397,stage2/clip_vit_b16/cifar10/runs.csv
Ours,clip_vit_b16,cifar10,instance_0.4,3,Raw,0.0143334114700556,stage2/clip_vit_b16/cifar10/runs.csv
Ours,clip_vit_b16,cifar10,instance_0.4,1,Calibrated,0.0171365615800022,stage2/clip_vit_b16/cifar10/runs.csv
Ours,clip_vit_b16,cifar10,instance_0.4,2,Calibrated,0.0091506429448723,stage2/clip_vit_b16/cifar10/runs.csv
Ours,clip_vit_b16,cifar10,instance_0.4,3,Calibrated,0.0202652926132082,stage2/clip_vit_b16/cifar10/runs.csv
Ours,clip_vit_b16,cifar10,pairflip_0.3,1,Raw,0.0090263364523648,stage2/clip_vit_b16/cifar10/runs.csv
Ours,clip_vit_b16,cifar10,pairflip_0.3,2,Raw,0.0090204205557703,stage2/clip_vit_b16/cifar10/runs.csv
Ours,clip_vit_b16,cifar10,pairflip_0.3,3,Raw,0.0083961770206689,stage2/clip_vit_b16/cifar10/runs.csv
Ours,clip_vit_b16,cifar10,pairflip_0.3,1,Calibrated,0.0214606281802058,stage2/clip_vit_b16/cifar10/runs.csv
Ours,clip_vit_b16,cifar10,pairflip_0.3,2,Calibrated,0.0202719934687018,stage2/clip_vit_b16/cifar10/runs.csv
Ours,clip_vit_b16,cifar10,pairflip_0.3,3,Calibrated,0.0206981738105416,stage2/clip_vit_b16/cifar10/runs.csv
Ours,clip_vit_b16,cifar10,symmetric_0.6,1,Raw,0.0427579921916127,stage2/clip_vit_b16/cifar10/runs.csv
Ours,clip_vit_b16,cifar10,symmetric_0.6,2,Raw,0.041320304903388,stage2/clip_vit_b16/cifar10/runs.csv
Ours,clip_vit_b16,cifar10,symmetric_0.6,3,Raw,0.0400940426543355,stage2/clip_vit_b16/cifar10/runs.csv
Ours,clip_vit_b16,cifar10,symmetric_0.6,1,Calibrated,0.0143555922195315,stage2/clip_vit_b16/cifar10/runs.csv
Ours,clip_vit_b16,cifar10,symmetric_0.6,2,Calibrated,0.0137450673282147,stage2/clip_vit_b16/cifar10/runs.csv
Ours,clip_vit_b16,cifar10,symmetric_0.6,3,Calibrated,0.0113663079887628,stage2/clip_vit_b16/cifar10/runs.csv
Ours,clip_vit_b16,cifar100,human_noisy_label,1,Raw,0.0489062161352485,stage2/clip_vit_b16/cifar100/runs.csv
Ours,clip_vit_b16,cifar100,human_noisy_label,2,Raw,0.0468386911284178,stage2/clip_vit_b16/cifar100/runs.csv
Ours,clip_vit_b16,cifar100,human_noisy_label,3,Raw,0.047689070026204,stage2/clip_vit_b16/cifar100/runs.csv
Ours,clip_vit_b16,cifar100,human_noisy_label,1,Calibrated,0.1499381795540452,stage2/clip_vit_b16/cifar100/runs.csv
Ours,clip_vit_b16,cifar100,human_noisy_label,2,Calibrated,0.1546118636280298,stage2/clip_vit_b16/cifar100/runs.csv
Ours,clip_vit_b16,cifar100,human_noisy_label,3,Calibrated,0.1423572480209172,stage2/clip_vit_b16/cifar100/runs.csv
Ours,clip_vit_b16,cifar100,instance_0.4,1,Raw,0.0948891919959336,stage2/clip_vit_b16/cifar100/runs.csv
Ours,clip_vit_b16,cifar100,instance_0.4,2,Raw,0.0955313807170838,stage2/clip_vit_b16/cifar100/runs.csv
Ours,clip_vit_b16,cifar100,instance_0.4,3,Raw,0.0942777813736349,stage2/clip_vit_b16/cifar100/runs.csv
Ours,clip_vit_b16,cifar100,instance_0.4,1,Calibrated,0.0750020314767956,stage2/clip_vit_b16/cifar100/runs.csv
Ours,clip_vit_b16,cifar100,instance_0.4,2,Calibrated,0.0921053857833146,stage2/clip_vit_b16/cifar100/runs.csv
Ours,clip_vit_b16,cifar100,instance_0.4,3,Calibrated,0.0741910283364355,stage2/clip_vit_b16/cifar100/runs.csv
Ours,clip_vit_b16,cifar100,pairflip_0.3,1,Raw,0.0326854635145515,stage2/clip_vit_b16/cifar100/runs.csv
Ours,clip_vit_b16,cifar100,pairflip_0.3,2,Raw,0.0386588660750537,stage2/clip_vit_b16/cifar100/runs.csv
Ours,clip_vit_b16,cifar100,pairflip_0.3,3,Raw,0.033694265993312,stage2/clip_vit_b16/cifar100/runs.csv
Ours,clip_vit_b16,cifar100,pairflip_0.3,1,Calibrated,0.090231148713082,stage2/clip_vit_b16/cifar100/runs.csv
Ours,clip_vit_b16,cifar100,pairflip_0.3,2,Calibrated,0.0877941316746175,stage2/clip_vit_b16/cifar100/runs.csv
Ours,clip_vit_b16,cifar100,pairflip_0.3,3,Calibrated,0.0871981122717261,stage2/clip_vit_b16/cifar100/runs.csv
Ours,clip_vit_b16,cifar100,symmetric_0.6,1,Raw,0.1058980721741914,stage2/clip_vit_b16/cifar100/runs.csv
Ours,clip_vit_b16,cifar100,symmetric_0.6,2,Raw,0.1088224729273467,stage2/clip_vit_b16/cifar100/runs.csv
Ours,clip_vit_b16,cifar100,symmetric_0.6,3,Raw,0.1076232197519391,stage2/clip_vit_b16/cifar100/runs.csv
Ours,clip_vit_b16,cifar100,symmetric_0.6,1,Calibrated,0.0813580386318266,stage2/clip_vit_b16/cifar100/runs.csv
Ours,clip_vit_b16,cifar100,symmetric_0.6,2,Calibrated,0.0795229622751474,stage2/clip_vit_b16/cifar100/runs.csv
Ours,clip_vit_b16,cifar100,symmetric_0.6,3,Calibrated,0.0772397850930691,stage2/clip_vit_b16/cifar100/runs.csv
Ours,clip_vit_l14,cifar10,human_worse_label,1,Raw,0.0219131161600351,stage2/clip_vit_l14/cifar10/runs.csv
Ours,clip_vit_l14,cifar10,human_worse_label,2,Raw,0.0230148779973387,stage2/clip_vit_l14/cifar10/runs.csv
Ours,clip_vit_l14,cifar10,human_worse_label,3,Raw,0.0224104255393147,stage2/clip_vit_l14/cifar10/runs.csv
Ours,clip_vit_l14,cifar10,human_worse_label,1,Calibrated,0.0208051425352692,stage2/clip_vit_l14/cifar10/runs.csv
Ours,clip_vit_l14,cifar10,human_worse_label,2,Calibrated,0.0219421917721629,stage2/clip_vit_l14/cifar10/runs.csv
Ours,clip_vit_l14,cifar10,human_worse_label,3,Calibrated,0.0213310706764459,stage2/clip_vit_l14/cifar10/runs.csv
Ours,clip_vit_l14,cifar10,instance_0.4,1,Raw,0.0199374315440655,stage2/clip_vit_l14/cifar10/runs.csv
Ours,clip_vit_l14,cifar10,instance_0.4,2,Raw,0.0225239693209528,stage2/clip_vit_l14/cifar10/runs.csv
Ours,clip_vit_l14,cifar10,instance_0.4,3,Raw,0.0204962773054838,stage2/clip_vit_l14/cifar10/runs.csv
Ours,clip_vit_l14,cifar10,instance_0.4,1,Calibrated,0.0171333110556006,stage2/clip_vit_l14/cifar10/runs.csv
Ours,clip_vit_l14,cifar10,instance_0.4,2,Calibrated,0.0177308496415614,stage2/clip_vit_l14/cifar10/runs.csv
Ours,clip_vit_l14,cifar10,instance_0.4,3,Calibrated,0.017823268416524,stage2/clip_vit_l14/cifar10/runs.csv
Ours,clip_vit_l14,cifar10,pairflip_0.3,1,Raw,0.0134853844717145,stage2/clip_vit_l14/cifar10/runs.csv
Ours,clip_vit_l14,cifar10,pairflip_0.3,2,Raw,0.0137030234858393,stage2/clip_vit_l14/cifar10/runs.csv
Ours,clip_vit_l14,cifar10,pairflip_0.3,3,Raw,0.0132587603569031,stage2/clip_vit_l14/cifar10/runs.csv
Ours,clip_vit_l14,cifar10,pairflip_0.3,1,Calibrated,0.0218445456773042,stage2/clip_vit_l14/cifar10/runs.csv
Ours,clip_vit_l14,cifar10,pairflip_0.3,2,Calibrated,0.0203611048489809,stage2/clip_vit_l14/cifar10/runs.csv
Ours,clip_vit_l14,cifar10,pairflip_0.3,3,Calibrated,0.0205473002657294,stage2/clip_vit_l14/cifar10/runs.csv
Ours,clip_vit_l14,cifar10,symmetric_0.6,1,Raw,0.0462780235752463,stage2/clip_vit_l14/cifar10/runs.csv
Ours,clip_vit_l14,cifar10,symmetric_0.6,2,Raw,0.044898964627087,stage2/clip_vit_l14/cifar10/runs.csv
Ours,clip_vit_l14,cifar10,symmetric_0.6,3,Raw,0.0442236653476953,stage2/clip_vit_l14/cifar10/runs.csv
Ours,clip_vit_l14,cifar10,symmetric_0.6,1,Calibrated,0.0132562777504324,stage2/clip_vit_l14/cifar10/runs.csv
Ours,clip_vit_l14,cifar10,symmetric_0.6,2,Calibrated,0.0128441977083683,stage2/clip_vit_l14/cifar10/runs.csv
Ours,clip_vit_l14,cifar10,symmetric_0.6,3,Calibrated,0.0127703669801354,stage2/clip_vit_l14/cifar10/runs.csv
Ours,clip_vit_l14,cifar100,human_noisy_label,1,Raw,0.0241422831799835,stage2/clip_vit_l14/cifar100/runs.csv
Ours,clip_vit_l14,cifar100,human_noisy_label,2,Raw,0.0216621718384325,stage2/clip_vit_l14/cifar100/runs.csv
Ours,clip_vit_l14,cifar100,human_noisy_label,3,Raw,0.0225424360536039,stage2/clip_vit_l14/cifar100/runs.csv
Ours,clip_vit_l14,cifar100,human_noisy_label,1,Calibrated,0.0516761618442833,stage2/clip_vit_l14/cifar100/runs.csv
Ours,clip_vit_l14,cifar100,human_noisy_label,2,Calibrated,0.051534446234256,stage2/clip_vit_l14/cifar100/runs.csv
Ours,clip_vit_l14,cifar100,human_noisy_label,3,Calibrated,0.0486867153942584,stage2/clip_vit_l14/cifar100/runs.csv
Ours,clip_vit_l14,cifar100,instance_0.4,1,Raw,0.0519234602466225,stage2/clip_vit_l14/cifar100/runs.csv
Ours,clip_vit_l14,cifar100,instance_0.4,2,Raw,0.0548711639039218,stage2/clip_vit_l14/cifar100/runs.csv
Ours,clip_vit_l14,cifar100,instance_0.4,3,Raw,0.0519613370150327,stage2/clip_vit_l14/cifar100/runs.csv
Ours,clip_vit_l14,cifar100,instance_0.4,1,Calibrated,0.0152176692340523,stage2/clip_vit_l14/cifar100/runs.csv
Ours,clip_vit_l14,cifar100,instance_0.4,2,Calibrated,0.0199356456976383,stage2/clip_vit_l14/cifar100/runs.csv
Ours,clip_vit_l14,cifar100,instance_0.4,3,Calibrated,0.0148592719078063,stage2/clip_vit_l14/cifar100/runs.csv
Ours,clip_vit_l14,cifar100,pairflip_0.3,1,Raw,0.0180059964187443,stage2/clip_vit_l14/cifar100/runs.csv
Ours,clip_vit_l14,cifar100,pairflip_0.3,2,Raw,0.0173349991235882,stage2/clip_vit_l14/cifar100/runs.csv
Ours,clip_vit_l14,cifar100,pairflip_0.3,3,Raw,0.016079891713336,stage2/clip_vit_l14/cifar100/runs.csv
Ours,clip_vit_l14,cifar100,pairflip_0.3,1,Calibrated,0.0190499335028231,stage2/clip_vit_l14/cifar100/runs.csv
Ours,clip_vit_l14,cifar100,pairflip_0.3,2,Calibrated,0.0197133001007139,stage2/clip_vit_l14/cifar100/runs.csv
Ours,clip_vit_l14,cifar100,pairflip_0.3,3,Calibrated,0.017495280008018,stage2/clip_vit_l14/cifar100/runs.csv
Ours,clip_vit_l14,cifar100,symmetric_0.6,1,Raw,0.0565535791832953,stage2/clip_vit_l14/cifar100/runs.csv
Ours,clip_vit_l14,cifar100,symmetric_0.6,2,Raw,0.0530427892241626,stage2/clip_vit_l14/cifar100/runs.csv
Ours,clip_vit_l14,cifar100,symmetric_0.6,3,Raw,0.0564201278101652,stage2/clip_vit_l14/cifar100/runs.csv
Ours,clip_vit_l14,cifar100,symmetric_0.6,1,Calibrated,0.0166258714120834,stage2/clip_vit_l14/cifar100/runs.csv
Ours,clip_vit_l14,cifar100,symmetric_0.6,2,Calibrated,0.0150127051401883,stage2/clip_vit_l14/cifar100/runs.csv
Ours,clip_vit_l14,cifar100,symmetric_0.6,3,Calibrated,0.0162902879003435,stage2/clip_vit_l14/cifar100/runs.csv
Ours,dinov2_vit_b14,cifar10,human_worse_label,1,Raw,0.0582521639034152,stage2/dinov2_vit_b14/cifar10/runs.csv
Ours,dinov2_vit_b14,cifar10,human_worse_label,2,Raw,0.0588108284667134,stage2/dinov2_vit_b14/cifar10/runs.csv
Ours,dinov2_vit_b14,cifar10,human_worse_label,3,Raw,0.0588065919116138,stage2/dinov2_vit_b14/cifar10/runs.csv
Ours,dinov2_vit_b14,cifar10,human_worse_label,1,Calibrated,0.0368650483697652,stage2/dinov2_vit_b14/cifar10/runs.csv
Ours,dinov2_vit_b14,cifar10,human_worse_label,2,Calibrated,0.0372000787854194,stage2/dinov2_vit_b14/cifar10/runs.csv
Ours,dinov2_vit_b14,cifar10,human_worse_label,3,Calibrated,0.0375303231909871,stage2/dinov2_vit_b14/cifar10/runs.csv
Ours,dinov2_vit_b14,cifar10,instance_0.4,1,Raw,0.0575207438498735,stage2/dinov2_vit_b14/cifar10/runs.csv
Ours,dinov2_vit_b14,cifar10,instance_0.4,2,Raw,0.0572970643937587,stage2/dinov2_vit_b14/cifar10/runs.csv
Ours,dinov2_vit_b14,cifar10,instance_0.4,3,Raw,0.0572497678354382,stage2/dinov2_vit_b14/cifar10/runs.csv
Ours,dinov2_vit_b14,cifar10,instance_0.4,1,Calibrated,0.0279561151623726,stage2/dinov2_vit_b14/cifar10/runs.csv
Ours,dinov2_vit_b14,cifar10,instance_0.4,2,Calibrated,0.0273193636551499,stage2/dinov2_vit_b14/cifar10/runs.csv
Ours,dinov2_vit_b14,cifar10,instance_0.4,3,Calibrated,0.0264590896278619,stage2/dinov2_vit_b14/cifar10/runs.csv
Ours,dinov2_vit_b14,cifar10,pairflip_0.3,1,Raw,0.0429177200257778,stage2/dinov2_vit_b14/cifar10/runs.csv
Ours,dinov2_vit_b14,cifar10,pairflip_0.3,2,Raw,0.043976174172759,stage2/dinov2_vit_b14/cifar10/runs.csv
Ours,dinov2_vit_b14,cifar10,pairflip_0.3,3,Raw,0.0437032881632446,stage2/dinov2_vit_b14/cifar10/runs.csv
Ours,dinov2_vit_b14,cifar10,pairflip_0.3,1,Calibrated,0.0251668746873735,stage2/dinov2_vit_b14/cifar10/runs.csv
Ours,dinov2_vit_b14,cifar10,pairflip_0.3,2,Calibrated,0.0254385335758328,stage2/dinov2_vit_b14/cifar10/runs.csv
Ours,dinov2_vit_b14,cifar10,pairflip_0.3,3,Calibrated,0.0255423904091118,stage2/dinov2_vit_b14/cifar10/runs.csv
Ours,dinov2_vit_b14,cifar10,symmetric_0.6,1,Raw,0.0952271411001681,stage2/dinov2_vit_b14/cifar10/runs.csv
Ours,dinov2_vit_b14,cifar10,symmetric_0.6,2,Raw,0.0953386938288808,stage2/dinov2_vit_b14/cifar10/runs.csv
Ours,dinov2_vit_b14,cifar10,symmetric_0.6,3,Raw,0.0946855985000729,stage2/dinov2_vit_b14/cifar10/runs.csv
Ours,dinov2_vit_b14,cifar10,symmetric_0.6,1,Calibrated,0.0348554036483168,stage2/dinov2_vit_b14/cifar10/runs.csv
Ours,dinov2_vit_b14,cifar10,symmetric_0.6,2,Calibrated,0.0344137955591082,stage2/dinov2_vit_b14/cifar10/runs.csv
Ours,dinov2_vit_b14,cifar10,symmetric_0.6,3,Calibrated,0.035047016364336,stage2/dinov2_vit_b14/cifar10/runs.csv
Ours,dinov2_vit_b14,cifar100,human_noisy_label,1,Raw,0.0678237734366208,stage2/dinov2_vit_b14/cifar100/runs.csv
Ours,dinov2_vit_b14,cifar100,human_noisy_label,2,Raw,0.0682802601646632,stage2/dinov2_vit_b14/cifar100/runs.csv
Ours,dinov2_vit_b14,cifar100,human_noisy_label,3,Raw,0.0675999348837882,stage2/dinov2_vit_b14/cifar100/runs.csv
Ours,dinov2_vit_b14,cifar100,human_noisy_label,1,Calibrated,0.038750349349901,stage2/dinov2_vit_b14/cifar100/runs.csv
Ours,dinov2_vit_b14,cifar100,human_noisy_label,2,Calibrated,0.0390081769667565,stage2/dinov2_vit_b14/cifar100/runs.csv
Ours,dinov2_vit_b14,cifar100,human_noisy_label,3,Calibrated,0.038652072514221,stage2/dinov2_vit_b14/cifar100/runs.csv
Ours,dinov2_vit_b14,cifar100,instance_0.4,1,Raw,0.1044225444713607,stage2/dinov2_vit_b14/cifar100/runs.csv
Ours,dinov2_vit_b14,cifar100,instance_0.4,2,Raw,0.1036325432151555,stage2/dinov2_vit_b14/cifar100/runs.csv
Ours,dinov2_vit_b14,cifar100,instance_0.4,3,Raw,0.1005817116808146,stage2/dinov2_vit_b14/cifar100/runs.csv
Ours,dinov2_vit_b14,cifar100,instance_0.4,1,Calibrated,0.0246084182236343,stage2/dinov2_vit_b14/cifar100/runs.csv
Ours,dinov2_vit_b14,cifar100,instance_0.4,2,Calibrated,0.0203602600872516,stage2/dinov2_vit_b14/cifar100/runs.csv
Ours,dinov2_vit_b14,cifar100,instance_0.4,3,Calibrated,0.021013397770375,stage2/dinov2_vit_b14/cifar100/runs.csv
Ours,dinov2_vit_b14,cifar100,pairflip_0.3,1,Raw,0.0750826911482959,stage2/dinov2_vit_b14/cifar100/runs.csv
Ours,dinov2_vit_b14,cifar100,pairflip_0.3,2,Raw,0.0755896479073911,stage2/dinov2_vit_b14/cifar100/runs.csv
Ours,dinov2_vit_b14,cifar100,pairflip_0.3,3,Raw,0.0743293660823256,stage2/dinov2_vit_b14/cifar100/runs.csv
Ours,dinov2_vit_b14,cifar100,pairflip_0.3,1,Calibrated,0.0289829148363321,stage2/dinov2_vit_b14/cifar100/runs.csv
Ours,dinov2_vit_b14,cifar100,pairflip_0.3,2,Calibrated,0.0292638007897883,stage2/dinov2_vit_b14/cifar100/runs.csv
Ours,dinov2_vit_b14,cifar100,pairflip_0.3,3,Calibrated,0.0274214921656996,stage2/dinov2_vit_b14/cifar100/runs.csv
Ours,dinov2_vit_b14,cifar100,symmetric_0.6,1,Raw,0.1644087372967973,stage2/dinov2_vit_b14/cifar100/runs.csv
Ours,dinov2_vit_b14,cifar100,symmetric_0.6,2,Raw,0.1669078206196427,stage2/dinov2_vit_b14/cifar100/runs.csv
Ours,dinov2_vit_b14,cifar100,symmetric_0.6,3,Raw,0.1671114546991885,stage2/dinov2_vit_b14/cifar100/runs.csv
Ours,dinov2_vit_b14,cifar100,symmetric_0.6,1,Calibrated,0.0210126161377877,stage2/dinov2_vit_b14/cifar100/runs.csv
Ours,dinov2_vit_b14,cifar100,symmetric_0.6,2,Calibrated,0.0190322223342955,stage2/dinov2_vit_b14/cifar100/runs.csv
Ours,dinov2_vit_b14,cifar100,symmetric_0.6,3,Calibrated,0.0225242893755436,stage2/dinov2_vit_b14/cifar100/runs.csv
Ours,vit_b16_imagenet,cifar10,human_worse_label,1,Raw,0.0751334623292088,stage2/vit_b16_imagenet/cifar10/runs.csv
Ours,vit_b16_imagenet,cifar10,human_worse_label,2,Raw,0.0751151992902159,stage2/vit_b16_imagenet/cifar10/runs.csv
Ours,vit_b16_imagenet,cifar10,human_worse_label,3,Raw,0.0749366270348429,stage2/vit_b16_imagenet/cifar10/runs.csv
Ours,vit_b16_imagenet,cifar10,human_worse_label,1,Calibrated,0.0318254361137747,stage2/vit_b16_imagenet/cifar10/runs.csv
Ours,vit_b16_imagenet,cifar10,human_worse_label,2,Calibrated,0.0321203677430749,stage2/vit_b16_imagenet/cifar10/runs.csv
Ours,vit_b16_imagenet,cifar10,human_worse_label,3,Calibrated,0.0317614875286817,stage2/vit_b16_imagenet/cifar10/runs.csv
Ours,vit_b16_imagenet,cifar10,instance_0.4,1,Raw,0.0796051581606268,stage2/vit_b16_imagenet/cifar10/runs.csv
Ours,vit_b16_imagenet,cifar10,instance_0.4,2,Raw,0.0807052620857954,stage2/vit_b16_imagenet/cifar10/runs.csv
Ours,vit_b16_imagenet,cifar10,instance_0.4,3,Raw,0.0814830405816435,stage2/vit_b16_imagenet/cifar10/runs.csv
Ours,vit_b16_imagenet,cifar10,instance_0.4,1,Calibrated,0.028142959818244,stage2/vit_b16_imagenet/cifar10/runs.csv
Ours,vit_b16_imagenet,cifar10,instance_0.4,2,Calibrated,0.0265444252088665,stage2/vit_b16_imagenet/cifar10/runs.csv
Ours,vit_b16_imagenet,cifar10,instance_0.4,3,Calibrated,0.0278600422278046,stage2/vit_b16_imagenet/cifar10/runs.csv
Ours,vit_b16_imagenet,cifar10,pairflip_0.3,1,Raw,0.0637255855888127,stage2/vit_b16_imagenet/cifar10/runs.csv
Ours,vit_b16_imagenet,cifar10,pairflip_0.3,2,Raw,0.0646456167593598,stage2/vit_b16_imagenet/cifar10/runs.csv
Ours,vit_b16_imagenet,cifar10,pairflip_0.3,3,Raw,0.0649498314291238,stage2/vit_b16_imagenet/cifar10/runs.csv
Ours,vit_b16_imagenet,cifar10,pairflip_0.3,1,Calibrated,0.0277207416653632,stage2/vit_b16_imagenet/cifar10/runs.csv
Ours,vit_b16_imagenet,cifar10,pairflip_0.3,2,Calibrated,0.0287806588187813,stage2/vit_b16_imagenet/cifar10/runs.csv
Ours,vit_b16_imagenet,cifar10,pairflip_0.3,3,Calibrated,0.0290003598377108,stage2/vit_b16_imagenet/cifar10/runs.csv
Ours,vit_b16_imagenet,cifar10,symmetric_0.6,1,Raw,0.1231997961625457,stage2/vit_b16_imagenet/cifar10/runs.csv
Ours,vit_b16_imagenet,cifar10,symmetric_0.6,2,Raw,0.1215099658936262,stage2/vit_b16_imagenet/cifar10/runs.csv
Ours,vit_b16_imagenet,cifar10,symmetric_0.6,3,Raw,0.1227091941133141,stage2/vit_b16_imagenet/cifar10/runs.csv
Ours,vit_b16_imagenet,cifar10,symmetric_0.6,1,Calibrated,0.0328710695147514,stage2/vit_b16_imagenet/cifar10/runs.csv
Ours,vit_b16_imagenet,cifar10,symmetric_0.6,2,Calibrated,0.0319839610755443,stage2/vit_b16_imagenet/cifar10/runs.csv
Ours,vit_b16_imagenet,cifar10,symmetric_0.6,3,Calibrated,0.0324540265500545,stage2/vit_b16_imagenet/cifar10/runs.csv
Ours,vit_b16_imagenet,cifar100,human_noisy_label,1,Raw,0.0762896738070994,stage2/vit_b16_imagenet/cifar100/runs.csv
Ours,vit_b16_imagenet,cifar100,human_noisy_label,2,Raw,0.0769535461895167,stage2/vit_b16_imagenet/cifar100/runs.csv
Ours,vit_b16_imagenet,cifar100,human_noisy_label,3,Raw,0.0761628274526447,stage2/vit_b16_imagenet/cifar100/runs.csv
Ours,vit_b16_imagenet,cifar100,human_noisy_label,1,Calibrated,0.0803155939877033,stage2/vit_b16_imagenet/cifar100/runs.csv
Ours,vit_b16_imagenet,cifar100,human_noisy_label,2,Calibrated,0.0813544076576828,stage2/vit_b16_imagenet/cifar100/runs.csv
Ours,vit_b16_imagenet,cifar100,human_noisy_label,3,Calibrated,0.0769522745296359,stage2/vit_b16_imagenet/cifar100/runs.csv
Ours,vit_b16_imagenet,cifar100,instance_0.4,1,Raw,0.1467679248880595,stage2/vit_b16_imagenet/cifar100/runs.csv
Ours,vit_b16_imagenet,cifar100,instance_0.4,2,Raw,0.1457363173585385,stage2/vit_b16_imagenet/cifar100/runs.csv
Ours,vit_b16_imagenet,cifar100,instance_0.4,3,Raw,0.146283885359019,stage2/vit_b16_imagenet/cifar100/runs.csv
Ours,vit_b16_imagenet,cifar100,instance_0.4,1,Calibrated,0.023975459511578,stage2/vit_b16_imagenet/cifar100/runs.csv
Ours,vit_b16_imagenet,cifar100,instance_0.4,2,Calibrated,0.0376319246575236,stage2/vit_b16_imagenet/cifar100/runs.csv
Ours,vit_b16_imagenet,cifar100,instance_0.4,3,Calibrated,0.0237565318338572,stage2/vit_b16_imagenet/cifar100/runs.csv
Ours,vit_b16_imagenet,cifar100,pairflip_0.3,1,Raw,0.1055117976028472,stage2/vit_b16_imagenet/cifar100/runs.csv
Ours,vit_b16_imagenet,cifar100,pairflip_0.3,2,Raw,0.1039082467231899,stage2/vit_b16_imagenet/cifar100/runs.csv
Ours,vit_b16_imagenet,cifar100,pairflip_0.3,3,Raw,0.1048196038350462,stage2/vit_b16_imagenet/cifar100/runs.csv
Ours,vit_b16_imagenet,cifar100,pairflip_0.3,1,Calibrated,0.0296089163519442,stage2/vit_b16_imagenet/cifar100/runs.csv
Ours,vit_b16_imagenet,cifar100,pairflip_0.3,2,Calibrated,0.0427161660976707,stage2/vit_b16_imagenet/cifar100/runs.csv
Ours,vit_b16_imagenet,cifar100,pairflip_0.3,3,Calibrated,0.0389662222094833,stage2/vit_b16_imagenet/cifar100/runs.csv
Ours,vit_b16_imagenet,cifar100,symmetric_0.6,1,Raw,0.2146631083138287,stage2/vit_b16_imagenet/cifar100/runs.csv
Ours,vit_b16_imagenet,cifar100,symmetric_0.6,2,Raw,0.2246057241491973,stage2/vit_b16_imagenet/cifar100/runs.csv
Ours,vit_b16_imagenet,cifar100,symmetric_0.6,3,Raw,0.2194493270300329,stage2/vit_b16_imagenet/cifar100/runs.csv
Ours,vit_b16_imagenet,cifar100,symmetric_0.6,1,Calibrated,0.0315668656244873,stage2/vit_b16_imagenet/cifar100/runs.csv
Ours,vit_b16_imagenet,cifar100,symmetric_0.6,2,Calibrated,0.0317569115892053,stage2/vit_b16_imagenet/cifar100/runs.csv
Ours,vit_b16_imagenet,cifar100,symmetric_0.6,3,Calibrated,0.043560045735538,stage2/vit_b16_imagenet/cifar100/runs.csv
Ours,vit_l16_imagenet,cifar10,human_worse_label,1,Raw,0.0782664360299706,stage2/vit_l16_imagenet/cifar10/runs.csv
Ours,vit_l16_imagenet,cifar10,human_worse_label,2,Raw,0.0790294369190931,stage2/vit_l16_imagenet/cifar10/runs.csv
Ours,vit_l16_imagenet,cifar10,human_worse_label,3,Raw,0.0783965228050946,stage2/vit_l16_imagenet/cifar10/runs.csv
Ours,vit_l16_imagenet,cifar10,human_worse_label,1,Calibrated,0.02704757553339,stage2/vit_l16_imagenet/cifar10/runs.csv
Ours,vit_l16_imagenet,cifar10,human_worse_label,2,Calibrated,0.0274554938554763,stage2/vit_l16_imagenet/cifar10/runs.csv
Ours,vit_l16_imagenet,cifar10,human_worse_label,3,Calibrated,0.0267577216908335,stage2/vit_l16_imagenet/cifar10/runs.csv
Ours,vit_l16_imagenet,cifar10,instance_0.4,1,Raw,0.0765886969104409,stage2/vit_l16_imagenet/cifar10/runs.csv
Ours,vit_l16_imagenet,cifar10,instance_0.4,2,Raw,0.077697648191452,stage2/vit_l16_imagenet/cifar10/runs.csv
Ours,vit_l16_imagenet,cifar10,instance_0.4,3,Raw,0.0765801849350333,stage2/vit_l16_imagenet/cifar10/runs.csv
Ours,vit_l16_imagenet,cifar10,instance_0.4,1,Calibrated,0.0210966591686011,stage2/vit_l16_imagenet/cifar10/runs.csv
Ours,vit_l16_imagenet,cifar10,instance_0.4,2,Calibrated,0.0216782312348485,stage2/vit_l16_imagenet/cifar10/runs.csv
Ours,vit_l16_imagenet,cifar10,instance_0.4,3,Calibrated,0.0208589443266391,stage2/vit_l16_imagenet/cifar10/runs.csv
Ours,vit_l16_imagenet,cifar10,pairflip_0.3,1,Raw,0.0567662084117531,stage2/vit_l16_imagenet/cifar10/runs.csv
Ours,vit_l16_imagenet,cifar10,pairflip_0.3,2,Raw,0.0581124474868178,stage2/vit_l16_imagenet/cifar10/runs.csv
Ours,vit_l16_imagenet,cifar10,pairflip_0.3,3,Raw,0.0561309132680296,stage2/vit_l16_imagenet/cifar10/runs.csv
Ours,vit_l16_imagenet,cifar10,pairflip_0.3,1,Calibrated,0.019438395640254,stage2/vit_l16_imagenet/cifar10/runs.csv
Ours,vit_l16_imagenet,cifar10,pairflip_0.3,2,Calibrated,0.0203172505497932,stage2/vit_l16_imagenet/cifar10/runs.csv
Ours,vit_l16_imagenet,cifar10,pairflip_0.3,3,Calibrated,0.0190315159559249,stage2/vit_l16_imagenet/cifar10/runs.csv
Ours,vit_l16_imagenet,cifar10,symmetric_0.6,1,Raw,0.1231449080765247,stage2/vit_l16_imagenet/cifar10/runs.csv
Ours,vit_l16_imagenet,cifar10,symmetric_0.6,2,Raw,0.1227845174998045,stage2/vit_l16_imagenet/cifar10/runs.csv
Ours,vit_l16_imagenet,cifar10,symmetric_0.6,3,Raw,0.1225714204832912,stage2/vit_l16_imagenet/cifar10/runs.csv
Ours,vit_l16_imagenet,cifar10,symmetric_0.6,1,Calibrated,0.0250503186166286,stage2/vit_l16_imagenet/cifar10/runs.csv
Ours,vit_l16_imagenet,cifar10,symmetric_0.6,2,Calibrated,0.0238766230151057,stage2/vit_l16_imagenet/cifar10/runs.csv
Ours,vit_l16_imagenet,cifar10,symmetric_0.6,3,Calibrated,0.0240721352919935,stage2/vit_l16_imagenet/cifar10/runs.csv
Ours,vit_l16_imagenet,cifar100,human_noisy_label,1,Raw,0.0884684624064714,stage2/vit_l16_imagenet/cifar100/runs.csv
Ours,vit_l16_imagenet,cifar100,human_noisy_label,2,Raw,0.0859794448651373,stage2/vit_l16_imagenet/cifar100/runs.csv
Ours,vit_l16_imagenet,cifar100,human_noisy_label,3,Raw,0.0879747879877686,stage2/vit_l16_imagenet/cifar100/runs.csv
Ours,vit_l16_imagenet,cifar100,human_noisy_label,1,Calibrated,0.0268910180278122,stage2/vit_l16_imagenet/cifar100/runs.csv
Ours,vit_l16_imagenet,cifar100,human_noisy_label,2,Calibrated,0.0304604792259633,stage2/vit_l16_imagenet/cifar100/runs.csv
Ours,vit_l16_imagenet,cifar100,human_noisy_label,3,Calibrated,0.0281586211763322,stage2/vit_l16_imagenet/cifar100/runs.csv
Ours,vit_l16_imagenet,cifar100,instance_0.4,1,Raw,0.1453564914450049,stage2/vit_l16_imagenet/cifar100/runs.csv
Ours,vit_l16_imagenet,cifar100,instance_0.4,2,Raw,0.1440818202178925,stage2/vit_l16_imagenet/cifar100/runs.csv
Ours,vit_l16_imagenet,cifar100,instance_0.4,3,Raw,0.1420507728461176,stage2/vit_l16_imagenet/cifar100/runs.csv
Ours,vit_l16_imagenet,cifar100,instance_0.4,1,Calibrated,0.0134852760583161,stage2/vit_l16_imagenet/cifar100/runs.csv
Ours,vit_l16_imagenet,cifar100,instance_0.4,2,Calibrated,0.0126273383237421,stage2/vit_l16_imagenet/cifar100/runs.csv
Ours,vit_l16_imagenet,cifar100,instance_0.4,3,Calibrated,0.01061634003371,stage2/vit_l16_imagenet/cifar100/runs.csv
Ours,vit_l16_imagenet,cifar100,pairflip_0.3,1,Raw,0.0987064847268164,stage2/vit_l16_imagenet/cifar100/runs.csv
Ours,vit_l16_imagenet,cifar100,pairflip_0.3,2,Raw,0.0979074266053736,stage2/vit_l16_imagenet/cifar100/runs.csv
Ours,vit_l16_imagenet,cifar100,pairflip_0.3,3,Raw,0.1021073000241071,stage2/vit_l16_imagenet/cifar100/runs.csv
Ours,vit_l16_imagenet,cifar100,pairflip_0.3,1,Calibrated,0.0084788486525416,stage2/vit_l16_imagenet/cifar100/runs.csv
Ours,vit_l16_imagenet,cifar100,pairflip_0.3,2,Calibrated,0.006276271610707,stage2/vit_l16_imagenet/cifar100/runs.csv
Ours,vit_l16_imagenet,cifar100,pairflip_0.3,3,Calibrated,0.0058012254618108,stage2/vit_l16_imagenet/cifar100/runs.csv
Ours,vit_l16_imagenet,cifar100,symmetric_0.6,1,Raw,0.2272945360790938,stage2/vit_l16_imagenet/cifar100/runs.csv
Ours,vit_l16_imagenet,cifar100,symmetric_0.6,2,Raw,0.2368200412526726,stage2/vit_l16_imagenet/cifar100/runs.csv
Ours,vit_l16_imagenet,cifar100,symmetric_0.6,3,Raw,0.2354647105809301,stage2/vit_l16_imagenet/cifar100/runs.csv
Ours,vit_l16_imagenet,cifar100,symmetric_0.6,1,Calibrated,0.0075777132757008,stage2/vit_l16_imagenet/cifar100/runs.csv
Ours,vit_l16_imagenet,cifar100,symmetric_0.6,2,Calibrated,0.0107848491773009,stage2/vit_l16_imagenet/cifar100/runs.csv
Ours,vit_l16_imagenet,cifar100,symmetric_0.6,3,Calibrated,0.0121267934069036,stage2/vit_l16_imagenet/cifar100/runs.csv
